seqid,description,position,seq,score
sp|O55779,sp|O55779 C_HENDH Protein C OS=Hendra virus (isolate Horse/Autralia/Hendra/1994) GN=P/V/C PE=2 SV=1,23,5.867547002920182,DQASNNQVP
sp|O55779,sp|O55779 C_HENDH Protein C OS=Hendra virus (isolate Horse/Autralia/Hendra/1994) GN=P/V/C PE=2 SV=1,66,0.595430108164229,EMWRIYPVL
sp|O55779,sp|O55779 C_HENDH Protein C OS=Hendra virus (isolate Horse/Autralia/Hendra/1994) GN=P/V/C PE=2 SV=1,109,2.0725975120644935,TMIMEENVP
sp|O55779,sp|O55779 C_HENDH Protein C OS=Hendra virus (isolate Horse/Autralia/Hendra/1994) GN=P/V/C PE=2 SV=1,111,2.11594772920804,IMEENVPDM
sp|O55779,sp|O55779 C_HENDH Protein C OS=Hendra virus (isolate Horse/Autralia/Hendra/1994) GN=P/V/C PE=2 SV=1,113,2.8499440698247387,EENVPDMDL
sp|O55778,sp|O55778 PHOSP_HENDH Phosphoprotein OS=Hendra virus (isolate Horse/Autralia/Hendra/1994) GN=P/V/C PE=2 SV=2,12,2.268878019637881,DIIDFIQKN
sp|O55778,sp|O55778 PHOSP_HENDH Phosphoprotein OS=Hendra virus (isolate Horse/Autralia/Hendra/1994) GN=P/V/C PE=2 SV=2,15,2.640291853002638,DFIQKNQKE
sp|O55778,sp|O55778 PHOSP_HENDH Phosphoprotein OS=Hendra virus (isolate Horse/Autralia/Hendra/1994) GN=P/V/C PE=2 SV=2,16,4.253172896171385,FIQKNQKEI
sp|O55778,sp|O55778 PHOSP_HENDH Phosphoprotein OS=Hendra virus (isolate Horse/Autralia/Hendra/1994) GN=P/V/C PE=2 SV=2,70,1.0348118424931312,TEGRNVEDL
sp|O55778,sp|O55778 PHOSP_HENDH Phosphoprotein OS=Hendra virus (isolate Horse/Autralia/Hendra/1994) GN=P/V/C PE=2 SV=2,77,2.2848470092196274,DLSSVTSSD
sp|O55778,sp|O55778 PHOSP_HENDH Phosphoprotein OS=Hendra virus (isolate Horse/Autralia/Hendra/1994) GN=P/V/C PE=2 SV=2,94,1.176791901197061,NTRAWAEDP
sp|O55778,sp|O55778 PHOSP_HENDH Phosphoprotein OS=Hendra virus (isolate Horse/Autralia/Hendra/1994) GN=P/V/C PE=2 SV=2,153,0.5570814057658124,DTKVLPNAP
sp|O55778,sp|O55778 PHOSP_HENDH Phosphoprotein OS=Hendra virus (isolate Horse/Autralia/Hendra/1994) GN=P/V/C PE=2 SV=2,173,4.051782088572274,DLIGLEDKF
sp|O55778,sp|O55778 PHOSP_HENDH Phosphoprotein OS=Hendra virus (isolate Horse/Autralia/Hendra/1994) GN=P/V/C PE=2 SV=2,187,1.5098415794651228,NPAAVPFVP
sp|O55778,sp|O55778 PHOSP_HENDH Phosphoprotein OS=Hendra virus (isolate Horse/Autralia/Hendra/1994) GN=P/V/C PE=2 SV=2,197,4.1420912993435905,NQSTPTEEP
sp|O55778,sp|O55778 PHOSP_HENDH Phosphoprotein OS=Hendra virus (isolate Horse/Autralia/Hendra/1994) GN=P/V/C PE=2 SV=2,242,1.3906045269821723,DEDENQLEY
sp|O55778,sp|O55778 PHOSP_HENDH Phosphoprotein OS=Hendra virus (isolate Horse/Autralia/Hendra/1994) GN=P/V/C PE=2 SV=2,244,0.6423499895954787,DENQLEYED
sp|O55778,sp|O55778 PHOSP_HENDH Phosphoprotein OS=Hendra virus (isolate Horse/Autralia/Hendra/1994) GN=P/V/C PE=2 SV=2,246,1.3558022703712809,NQLEYEDEF
sp|O55778,sp|O55778 PHOSP_HENDH Phosphoprotein OS=Hendra virus (isolate Horse/Autralia/Hendra/1994) GN=P/V/C PE=2 SV=2,274,0.8764104562053137,NQEEVVGDP
sp|O55778,sp|O55778 PHOSP_HENDH Phosphoprotein OS=Hendra virus (isolate Horse/Autralia/Hendra/1994) GN=P/V/C PE=2 SV=2,284,1.190535084492105,DQGLEHPFP
sp|O55778,sp|O55778 PHOSP_HENDH Phosphoprotein OS=Hendra virus (isolate Horse/Autralia/Hendra/1994) GN=P/V/C PE=2 SV=2,304,0.08973534742390821,DVRRKDSLM
sp|O55778,sp|O55778 PHOSP_HENDH Phosphoprotein OS=Hendra virus (isolate Horse/Autralia/Hendra/1994) GN=P/V/C PE=2 SV=2,440,2.615590313622722,SVTAENVQL
sp|O55778,sp|O55778 PHOSP_HENDH Phosphoprotein OS=Hendra virus (isolate Horse/Autralia/Hendra/1994) GN=P/V/C PE=2 SV=2,463,1.3315988869056,EVTSNEDSL
sp|O55778,sp|O55778 PHOSP_HENDH Phosphoprotein OS=Hendra virus (isolate Horse/Autralia/Hendra/1994) GN=P/V/C PE=2 SV=2,470,1.7894218917060538,SLDDKYIMP
sp|O55778,sp|O55778 PHOSP_HENDH Phosphoprotein OS=Hendra virus (isolate Horse/Autralia/Hendra/1994) GN=P/V/C PE=2 SV=2,486,0.49701395048671326,FLPHDTDRL
sp|O55778,sp|O55778 PHOSP_HENDH Phosphoprotein OS=Hendra virus (isolate Horse/Autralia/Hendra/1994) GN=P/V/C PE=2 SV=2,530,0.27606495037727097,RLNHIEEQM
sp|O55778,sp|O55778 PHOSP_HENDH Phosphoprotein OS=Hendra virus (isolate Horse/Autralia/Hendra/1994) GN=P/V/C PE=2 SV=2,536,0.4006198843676352,EQMKEIPKI
sp|O55778,sp|O55778 PHOSP_HENDH Phosphoprotein OS=Hendra virus (isolate Horse/Autralia/Hendra/1994) GN=P/V/C PE=2 SV=2,564,1.043459559649306,TIEGHLVSM
sp|O55778,sp|O55778 PHOSP_HENDH Phosphoprotein OS=Hendra virus (isolate Horse/Autralia/Hendra/1994) GN=P/V/C PE=2 SV=2,591,0.045826912362772476,ELKPVIGRN
sp|O55778,sp|O55778 PHOSP_HENDH Phosphoprotein OS=Hendra virus (isolate Horse/Autralia/Hendra/1994) GN=P/V/C PE=2 SV=2,599,2.4648995854322204,NILEQQELF
sp|O55778,sp|O55778 PHOSP_HENDH Phosphoprotein OS=Hendra virus (isolate Horse/Autralia/Hendra/1994) GN=P/V/C PE=2 SV=2,606,0.40547528103265684,LFSFDNLKN
sp|O55778,sp|O55778 PHOSP_HENDH Phosphoprotein OS=Hendra virus (isolate Horse/Autralia/Hendra/1994) GN=P/V/C PE=2 SV=2,634,3.3064896143271327,DLILPELNF
sp|O55778,sp|O55778 PHOSP_HENDH Phosphoprotein OS=Hendra virus (isolate Horse/Autralia/Hendra/1994) GN=P/V/C PE=2 SV=2,644,0.9800723834772511,ETNASQFVP
sp|O55778,sp|O55778 PHOSP_HENDH Phosphoprotein OS=Hendra virus (isolate Horse/Autralia/Hendra/1994) GN=P/V/C PE=2 SV=2,674,0.19690053236718014,ELRSELMDY
sp|O55778,sp|O55778 PHOSP_HENDH Phosphoprotein OS=Hendra virus (isolate Horse/Autralia/Hendra/1994) GN=P/V/C PE=2 SV=2,681,0.3137890478034795,DYLNRAETD
sp|O55778,sp|O55778 PHOSP_HENDH Phosphoprotein OS=Hendra virus (isolate Horse/Autralia/Hendra/1994) GN=P/V/C PE=2 SV=2,689,0.08129461977759911,DEEVQEVAN
sp|O55777,sp|O55777 V_HENDH Non-structural protein V OS=Hendra virus (isolate Horse/Autralia/Hendra/1994) GN=P/V/C PE=1 SV=1,12,2.268878019637881,DIIDFIQKN
sp|O55777,sp|O55777 V_HENDH Non-structural protein V OS=Hendra virus (isolate Horse/Autralia/Hendra/1994) GN=P/V/C PE=1 SV=1,15,2.640291853002638,DFIQKNQKE
sp|O55777,sp|O55777 V_HENDH Non-structural protein V OS=Hendra virus (isolate Horse/Autralia/Hendra/1994) GN=P/V/C PE=1 SV=1,16,4.253172896171385,FIQKNQKEI
sp|O55777,sp|O55777 V_HENDH Non-structural protein V OS=Hendra virus (isolate Horse/Autralia/Hendra/1994) GN=P/V/C PE=1 SV=1,70,1.0348118424931312,TEGRNVEDL
sp|O55777,sp|O55777 V_HENDH Non-structural protein V OS=Hendra virus (isolate Horse/Autralia/Hendra/1994) GN=P/V/C PE=1 SV=1,77,2.2848470092196274,DLSSVTSSD
sp|O55777,sp|O55777 V_HENDH Non-structural protein V OS=Hendra virus (isolate Horse/Autralia/Hendra/1994) GN=P/V/C PE=1 SV=1,94,1.176791901197061,NTRAWAEDP
sp|O55777,sp|O55777 V_HENDH Non-structural protein V OS=Hendra virus (isolate Horse/Autralia/Hendra/1994) GN=P/V/C PE=1 SV=1,153,0.5570814057658124,DTKVLPNAP
sp|O55777,sp|O55777 V_HENDH Non-structural protein V OS=Hendra virus (isolate Horse/Autralia/Hendra/1994) GN=P/V/C PE=1 SV=1,173,4.051782088572274,DLIGLEDKF
sp|O55777,sp|O55777 V_HENDH Non-structural protein V OS=Hendra virus (isolate Horse/Autralia/Hendra/1994) GN=P/V/C PE=1 SV=1,187,1.5098415794651228,NPAAVPFVP
sp|O55777,sp|O55777 V_HENDH Non-structural protein V OS=Hendra virus (isolate Horse/Autralia/Hendra/1994) GN=P/V/C PE=1 SV=1,197,4.1420912993435905,NQSTPTEEP
sp|O55777,sp|O55777 V_HENDH Non-structural protein V OS=Hendra virus (isolate Horse/Autralia/Hendra/1994) GN=P/V/C PE=1 SV=1,242,1.3906045269821723,DEDENQLEY
sp|O55777,sp|O55777 V_HENDH Non-structural protein V OS=Hendra virus (isolate Horse/Autralia/Hendra/1994) GN=P/V/C PE=1 SV=1,244,0.6423499895954787,DENQLEYED
sp|O55777,sp|O55777 V_HENDH Non-structural protein V OS=Hendra virus (isolate Horse/Autralia/Hendra/1994) GN=P/V/C PE=1 SV=1,246,1.3558022703712809,NQLEYEDEF
sp|O55777,sp|O55777 V_HENDH Non-structural protein V OS=Hendra virus (isolate Horse/Autralia/Hendra/1994) GN=P/V/C PE=1 SV=1,274,0.8764104562053137,NQEEVVGDP
sp|O55777,sp|O55777 V_HENDH Non-structural protein V OS=Hendra virus (isolate Horse/Autralia/Hendra/1994) GN=P/V/C PE=1 SV=1,284,1.190535084492105,DQGLEHPFP
sp|O55777,sp|O55777 V_HENDH Non-structural protein V OS=Hendra virus (isolate Horse/Autralia/Hendra/1994) GN=P/V/C PE=1 SV=1,304,0.08973534742390821,DVRRKDSLM
sp|O89344,sp|O89344 L_HENDH RNA-directed RNA polymerase L OS=Hendra virus (isolate Horse/Autralia/Hendra/1994) GN=L PE=3 SV=2,9,2.121900556941385,DIIYPECHL
sp|O89344,sp|O89344 L_HENDH RNA-directed RNA polymerase L OS=Hendra virus (isolate Horse/Autralia/Hendra/1994) GN=L PE=3 SV=2,32,0.6670037348676581,YAQLRHNQP
sp|O89344,sp|O89344 L_HENDH RNA-directed RNA polymerase L OS=Hendra virus (isolate Horse/Autralia/Hendra/1994) GN=L PE=3 SV=2,38,1.3694079348888688,NQPNGDKRL
sp|O89344,sp|O89344 L_HENDH RNA-directed RNA polymerase L OS=Hendra virus (isolate Horse/Autralia/Hendra/1994) GN=L PE=3 SV=2,71,2.751081042765604,NYIRDNIKN
sp|O89344,sp|O89344 L_HENDH RNA-directed RNA polymerase L OS=Hendra virus (isolate Horse/Autralia/Hendra/1994) GN=L PE=3 SV=2,72,1.2246213257757799,YIRDNIKNL
sp|O89344,sp|O89344 L_HENDH RNA-directed RNA polymerase L OS=Hendra virus (isolate Horse/Autralia/Hendra/1994) GN=L PE=3 SV=2,75,1.7145171328095312,DNIKNLKEF
sp|O89344,sp|O89344 L_HENDH RNA-directed RNA polymerase L OS=Hendra virus (isolate Horse/Autralia/Hendra/1994) GN=L PE=3 SV=2,76,1.8666558807262323,NIKNLKEFL
sp|O89344,sp|O89344 L_HENDH RNA-directed RNA polymerase L OS=Hendra virus (isolate Horse/Autralia/Hendra/1994) GN=L PE=3 SV=2,95,1.1382279143800622,LFSLKSPGM
sp|O89344,sp|O89344 L_HENDH RNA-directed RNA polymerase L OS=Hendra virus (isolate Horse/Autralia/Hendra/1994) GN=L PE=3 SV=2,131,0.5077091487370486,NITRNLITQ
sp|O89344,sp|O89344 L_HENDH RNA-directed RNA polymerase L OS=Hendra virus (isolate Horse/Autralia/Hendra/1994) GN=L PE=3 SV=2,135,2.162433533599604,NLITQDQKD
sp|O89344,sp|O89344 L_HENDH RNA-directed RNA polymerase L OS=Hendra virus (isolate Horse/Autralia/Hendra/1994) GN=L PE=3 SV=2,138,2.200146791275592,TQDQKDEVL
sp|O89344,sp|O89344 L_HENDH RNA-directed RNA polymerase L OS=Hendra virus (isolate Horse/Autralia/Hendra/1994) GN=L PE=3 SV=2,182,0.08152175370038828,AVIKNSQKP
sp|O89344,sp|O89344 L_HENDH RNA-directed RNA polymerase L OS=Hendra virus (isolate Horse/Autralia/Hendra/1994) GN=L PE=3 SV=2,228,1.3454151577278055,YYLTPEIVL
sp|O89344,sp|O89344 L_HENDH RNA-directed RNA polymerase L OS=Hendra virus (isolate Horse/Autralia/Hendra/1994) GN=L PE=3 SV=2,229,1.6524796220818545,YLTPEIVLM
sp|O89344,sp|O89344 L_HENDH RNA-directed RNA polymerase L OS=Hendra virus (isolate Horse/Autralia/Hendra/1994) GN=L PE=3 SV=2,260,2.368284611263093,SLITRSNAL
sp|O89344,sp|O89344 L_HENDH RNA-directed RNA polymerase L OS=Hendra virus (isolate Horse/Autralia/Hendra/1994) GN=L PE=3 SV=2,261,0.004500456119376883,LITRSNALW
sp|O89344,sp|O89344 L_HENDH RNA-directed RNA polymerase L OS=Hendra virus (isolate Horse/Autralia/Hendra/1994) GN=L PE=3 SV=2,271,2.6712029247271927,FIDSLFPIM
sp|O89344,sp|O89344 L_HENDH RNA-directed RNA polymerase L OS=Hendra virus (isolate Horse/Autralia/Hendra/1994) GN=L PE=3 SV=2,337,0.8221543917895296,FIDDLLSVM
sp|O89344,sp|O89344 L_HENDH RNA-directed RNA polymerase L OS=Hendra virus (isolate Horse/Autralia/Hendra/1994) GN=L PE=3 SV=2,344,0.4386558864318135,VMNIDNIHL
sp|O89344,sp|O89344 L_HENDH RNA-directed RNA polymerase L OS=Hendra virus (isolate Horse/Autralia/Hendra/1994) GN=L PE=3 SV=2,348,0.29613433961192914,DNIHLLAEF
sp|O89344,sp|O89344 L_HENDH RNA-directed RNA polymerase L OS=Hendra virus (isolate Horse/Autralia/Hendra/1994) GN=L PE=3 SV=2,349,0.2456764369907498,NIHLLAEFF
sp|O89344,sp|O89344 L_HENDH RNA-directed RNA polymerase L OS=Hendra virus (isolate Horse/Autralia/Hendra/1994) GN=L PE=3 SV=2,355,1.283463312060156,EFFSFFRTF
sp|O89344,sp|O89344 L_HENDH RNA-directed RNA polymerase L OS=Hendra virus (isolate Horse/Autralia/Hendra/1994) GN=L PE=3 SV=2,391,3.3223449316263896,PIMKAHAVF
sp|O89344,sp|O89344 L_HENDH RNA-directed RNA polymerase L OS=Hendra virus (isolate Horse/Autralia/Hendra/1994) GN=L PE=3 SV=2,468,1.407852812341563,SMYMKDKAL
sp|O89344,sp|O89344 L_HENDH RNA-directed RNA polymerase L OS=Hendra virus (isolate Horse/Autralia/Hendra/1994) GN=L PE=3 SV=2,507,2.7160767949621363,DVFVNDENF
sp|O89344,sp|O89344 L_HENDH RNA-directed RNA polymerase L OS=Hendra virus (isolate Horse/Autralia/Hendra/1994) GN=L PE=3 SV=2,509,2.7476624790132345,FVNDENFDP
sp|O89344,sp|O89344 L_HENDH RNA-directed RNA polymerase L OS=Hendra virus (isolate Horse/Autralia/Hendra/1994) GN=L PE=3 SV=2,512,2.6120260126243253,DENFDPYNM
sp|O89344,sp|O89344 L_HENDH RNA-directed RNA polymerase L OS=Hendra virus (isolate Horse/Autralia/Hendra/1994) GN=L PE=3 SV=2,514,2.5975947475421393,NFDPYNMLE
sp|O89344,sp|O89344 L_HENDH RNA-directed RNA polymerase L OS=Hendra virus (isolate Horse/Autralia/Hendra/1994) GN=L PE=3 SV=2,517,0.7025588089400352,PYNMLEYVL
sp|O89344,sp|O89344 L_HENDH RNA-directed RNA polymerase L OS=Hendra virus (isolate Horse/Autralia/Hendra/1994) GN=L PE=3 SV=2,533,1.730314771758079,EQFNVSYSL
sp|O89344,sp|O89344 L_HENDH RNA-directed RNA polymerase L OS=Hendra virus (isolate Horse/Autralia/Hendra/1994) GN=L PE=3 SV=2,587,1.8729727342703937,DEHELLKTL
sp|O89344,sp|O89344 L_HENDH RNA-directed RNA polymerase L OS=Hendra virus (isolate Horse/Autralia/Hendra/1994) GN=L PE=3 SV=2,614,0.3319137965174379,EFSNNTEKS
sp|O89344,sp|O89344 L_HENDH RNA-directed RNA polymerase L OS=Hendra virus (isolate Horse/Autralia/Hendra/1994) GN=L PE=3 SV=2,655,5.259028035819739,DQKKHNILP
sp|O89344,sp|O89344 L_HENDH RNA-directed RNA polymerase L OS=Hendra virus (isolate Horse/Autralia/Hendra/1994) GN=L PE=3 SV=2,675,0.18435041330777535,SQTFLDYHM
sp|O89344,sp|O89344 L_HENDH RNA-directed RNA polymerase L OS=Hendra virus (isolate Horse/Autralia/Hendra/1994) GN=L PE=3 SV=2,677,3.3186148945716836,TFLDYHMEF
sp|O89344,sp|O89344 L_HENDH RNA-directed RNA polymerase L OS=Hendra virus (isolate Horse/Autralia/Hendra/1994) GN=L PE=3 SV=2,711,0.13862595134180755,KFDTVSAFL
sp|O89344,sp|O89344 L_HENDH RNA-directed RNA polymerase L OS=Hendra virus (isolate Horse/Autralia/Hendra/1994) GN=L PE=3 SV=2,718,1.5044270467940437,FLTTDLKKF
sp|O89344,sp|O89344 L_HENDH RNA-directed RNA polymerase L OS=Hendra virus (isolate Horse/Autralia/Hendra/1994) GN=L PE=3 SV=2,734,0.7807312578814113,SMAIFAERL
sp|O89344,sp|O89344 L_HENDH RNA-directed RNA polymerase L OS=Hendra virus (isolate Horse/Autralia/Hendra/1994) GN=L PE=3 SV=2,743,1.498251101344508,DEIYGLPGF
sp|O89344,sp|O89344 L_HENDH RNA-directed RNA polymerase L OS=Hendra virus (isolate Horse/Autralia/Hendra/1994) GN=L PE=3 SV=2,774,2.0319776862199754,DIGKHINLD
sp|O89344,sp|O89344 L_HENDH RNA-directed RNA polymerase L OS=Hendra virus (isolate Horse/Autralia/Hendra/1994) GN=L PE=3 SV=2,814,0.5164836996876806,LFLSAYETN
sp|O89344,sp|O89344 L_HENDH RNA-directed RNA polymerase L OS=Hendra virus (isolate Horse/Autralia/Hendra/1994) GN=L PE=3 SV=2,838,3.1982837262620736,ITQKVHPNL
sp|O89344,sp|O89344 L_HENDH RNA-directed RNA polymerase L OS=Hendra virus (isolate Horse/Autralia/Hendra/1994) GN=L PE=3 SV=2,862,2.4127246012339665,YFDRLRMNL
sp|O89344,sp|O89344 L_HENDH RNA-directed RNA polymerase L OS=Hendra virus (isolate Horse/Autralia/Hendra/1994) GN=L PE=3 SV=2,869,0.059660796984057685,NLRALGLNL
sp|O89344,sp|O89344 L_HENDH RNA-directed RNA polymerase L OS=Hendra virus (isolate Horse/Autralia/Hendra/1994) GN=L PE=3 SV=2,883,0.5849594515988461,IISTHLFVY
sp|O89344,sp|O89344 L_HENDH RNA-directed RNA polymerase L OS=Hendra virus (isolate Horse/Autralia/Hendra/1994) GN=L PE=3 SV=2,951,3.3319617828372987,NVLKVIQQL
sp|O89344,sp|O89344 L_HENDH RNA-directed RNA polymerase L OS=Hendra virus (isolate Horse/Autralia/Hendra/1994) GN=L PE=3 SV=2,963,1.6228387988282476,TEFSINETL
sp|O89344,sp|O89344 L_HENDH RNA-directed RNA polymerase L OS=Hendra virus (isolate Horse/Autralia/Hendra/1994) GN=L PE=3 SV=2,974,0.11875659480298528,DVTSPISNN
sp|O89344,sp|O89344 L_HENDH RNA-directed RNA polymerase L OS=Hendra virus (isolate Horse/Autralia/Hendra/1994) GN=L PE=3 SV=2,977,0.5457676509219529,SPISNNLDW
sp|O89344,sp|O89344 L_HENDH RNA-directed RNA polymerase L OS=Hendra virus (isolate Horse/Autralia/Hendra/1994) GN=L PE=3 SV=2,978,1.018975255982083,PISNNLDWL
sp|O89344,sp|O89344 L_HENDH RNA-directed RNA polymerase L OS=Hendra virus (isolate Horse/Autralia/Hendra/1994) GN=L PE=3 SV=2,1003,0.6633197417518607,NLSRIFVRN
sp|O89344,sp|O89344 L_HENDH RNA-directed RNA polymerase L OS=Hendra virus (isolate Horse/Autralia/Hendra/1994) GN=L PE=3 SV=2,1007,0.4693855964715372,IFVRNIGDP
sp|O89344,sp|O89344 L_HENDH RNA-directed RNA polymerase L OS=Hendra virus (isolate Horse/Autralia/Hendra/1994) GN=L PE=3 SV=2,1042,1.645662154667538,NQEPGDASF
sp|O89344,sp|O89344 L_HENDH RNA-directed RNA polymerase L OS=Hendra virus (isolate Horse/Autralia/Hendra/1994) GN=L PE=3 SV=2,1101,3.260582944210632,DLELATFLM
sp|O89344,sp|O89344 L_HENDH RNA-directed RNA polymerase L OS=Hendra virus (isolate Horse/Autralia/Hendra/1994) GN=L PE=3 SV=2,1108,0.18270279610245954,LMDRRIILP
sp|O89344,sp|O89344 L_HENDH RNA-directed RNA polymerase L OS=Hendra virus (isolate Horse/Autralia/Hendra/1994) GN=L PE=3 SV=2,1166,0.4050436950067434,DYNQFLILN
sp|O89344,sp|O89344 L_HENDH RNA-directed RNA polymerase L OS=Hendra virus (isolate Horse/Autralia/Hendra/1994) GN=L PE=3 SV=2,1244,2.1942030175596203,TMYGWFFVP
sp|O89344,sp|O89344 L_HENDH RNA-directed RNA polymerase L OS=Hendra virus (isolate Horse/Autralia/Hendra/1994) GN=L PE=3 SV=2,1249,3.477527770743345,FFVPRDSQL
sp|O89344,sp|O89344 L_HENDH RNA-directed RNA polymerase L OS=Hendra virus (isolate Horse/Autralia/Hendra/1994) GN=L PE=3 SV=2,1286,0.5514281456207109,NVKRPTRAL
sp|O89344,sp|O89344 L_HENDH RNA-directed RNA polymerase L OS=Hendra virus (isolate Horse/Autralia/Hendra/1994) GN=L PE=3 SV=2,1302,1.521235672404868,LFIPGHTEI
sp|O89344,sp|O89344 L_HENDH RNA-directed RNA polymerase L OS=Hendra virus (isolate Horse/Autralia/Hendra/1994) GN=L PE=3 SV=2,1303,1.7530239042175053,FIPGHTEIL
sp|O89344,sp|O89344 L_HENDH RNA-directed RNA polymerase L OS=Hendra virus (isolate Horse/Autralia/Hendra/1994) GN=L PE=3 SV=2,1310,1.285794424458325,ILKKVGMRL
sp|O89344,sp|O89344 L_HENDH RNA-directed RNA polymerase L OS=Hendra virus (isolate Horse/Autralia/Hendra/1994) GN=L PE=3 SV=2,1369,0.07020529074138748,YVNISNDNL
sp|O89344,sp|O89344 L_HENDH RNA-directed RNA polymerase L OS=Hendra virus (isolate Horse/Autralia/Hendra/1994) GN=L PE=3 SV=2,1371,4.487715779735588,NISNDNLDF
sp|O89344,sp|O89344 L_HENDH RNA-directed RNA polymerase L OS=Hendra virus (isolate Horse/Autralia/Hendra/1994) GN=L PE=3 SV=2,1378,1.6740779362230593,DFRVEGEKV
sp|O89344,sp|O89344 L_HENDH RNA-directed RNA polymerase L OS=Hendra virus (isolate Horse/Autralia/Hendra/1994) GN=L PE=3 SV=2,1389,3.983773183165116,NLIYQQTML
sp|O89344,sp|O89344 L_HENDH RNA-directed RNA polymerase L OS=Hendra virus (isolate Horse/Autralia/Hendra/1994) GN=L PE=3 SV=2,1435,7.889414303437495,DIGGVNAEL
sp|O89344,sp|O89344 L_HENDH RNA-directed RNA polymerase L OS=Hendra virus (isolate Horse/Autralia/Hendra/1994) GN=L PE=3 SV=2,1440,0.3166361802559153,NAELPVPEY
sp|O89344,sp|O89344 L_HENDH RNA-directed RNA polymerase L OS=Hendra virus (isolate Horse/Autralia/Hendra/1994) GN=L PE=3 SV=2,1448,0.49530009864575386,YTEVENNRL
sp|O89344,sp|O89344 L_HENDH RNA-directed RNA polymerase L OS=Hendra virus (isolate Horse/Autralia/Hendra/1994) GN=L PE=3 SV=2,1459,1.9588625918252607,DPDPVSEID
sp|O89344,sp|O89344 L_HENDH RNA-directed RNA polymerase L OS=Hendra virus (isolate Horse/Autralia/Hendra/1994) GN=L PE=3 SV=2,1487,0.48719118449525967,STEELHDVL
sp|O89344,sp|O89344 L_HENDH RNA-directed RNA polymerase L OS=Hendra virus (isolate Horse/Autralia/Hendra/1994) GN=L PE=3 SV=2,1526,1.4823000482339754,SINSLITEF
sp|O89344,sp|O89344 L_HENDH RNA-directed RNA polymerase L OS=Hendra virus (isolate Horse/Autralia/Hendra/1994) GN=L PE=3 SV=2,1533,4.628963757203328,EFLMVDPEL
sp|O89344,sp|O89344 L_HENDH RNA-directed RNA polymerase L OS=Hendra virus (isolate Horse/Autralia/Hendra/1994) GN=L PE=3 SV=2,1534,2.6315746066536416,FLMVDPELF
sp|O89344,sp|O89344 L_HENDH RNA-directed RNA polymerase L OS=Hendra virus (isolate Horse/Autralia/Hendra/1994) GN=L PE=3 SV=2,1584,0.188502314543882,TYKVLSNAL
sp|O89344,sp|O89344 L_HENDH RNA-directed RNA polymerase L OS=Hendra virus (isolate Horse/Autralia/Hendra/1994) GN=L PE=3 SV=2,1590,0.7412457191266547,NALSHPRVF
sp|O89344,sp|O89344 L_HENDH RNA-directed RNA polymerase L OS=Hendra virus (isolate Horse/Autralia/Hendra/1994) GN=L PE=3 SV=2,1619,7.3091524157525765,DFEKLSQNL
sp|O89344,sp|O89344 L_HENDH RNA-directed RNA polymerase L OS=Hendra virus (isolate Horse/Autralia/Hendra/1994) GN=L PE=3 SV=2,1631,0.6995908383484157,SYMNYLMNW
sp|O89344,sp|O89344 L_HENDH RNA-directed RNA polymerase L OS=Hendra virus (isolate Horse/Autralia/Hendra/1994) GN=L PE=3 SV=2,1641,3.7626783466752247,DFKKFPFLI
sp|O89344,sp|O89344 L_HENDH RNA-directed RNA polymerase L OS=Hendra virus (isolate Horse/Autralia/Hendra/1994) GN=L PE=3 SV=2,1651,1.5470727829095958,EQDEAVVEL
sp|O89344,sp|O89344 L_HENDH RNA-directed RNA polymerase L OS=Hendra virus (isolate Horse/Autralia/Hendra/1994) GN=L PE=3 SV=2,1675,1.1021529838771227,LYANHHKPP
sp|O89344,sp|O89344 L_HENDH RNA-directed RNA polymerase L OS=Hendra virus (isolate Horse/Autralia/Hendra/1994) GN=L PE=3 SV=2,1676,1.4877791353023913,YANHHKPPW
sp|O89344,sp|O89344 L_HENDH RNA-directed RNA polymerase L OS=Hendra virus (isolate Horse/Autralia/Hendra/1994) GN=L PE=3 SV=2,1687,0.4435263005687755,DLNPQEKIC
sp|O89344,sp|O89344 L_HENDH RNA-directed RNA polymerase L OS=Hendra virus (isolate Horse/Autralia/Hendra/1994) GN=L PE=3 SV=2,1708,0.11308680991601339,DVSSRSWNI
sp|O89344,sp|O89344 L_HENDH RNA-directed RNA polymerase L OS=Hendra virus (isolate Horse/Autralia/Hendra/1994) GN=L PE=3 SV=2,1715,0.0044236059367399605,NITDLDFMV
sp|O89344,sp|O89344 L_HENDH RNA-directed RNA polymerase L OS=Hendra virus (isolate Horse/Autralia/Hendra/1994) GN=L PE=3 SV=2,1720,7.656864825826146,DFMVFYASL
sp|O89344,sp|O89344 L_HENDH RNA-directed RNA polymerase L OS=Hendra virus (isolate Horse/Autralia/Hendra/1994) GN=L PE=3 SV=2,1757,1.9690071134483234,NILVENPPI
sp|O89344,sp|O89344 L_HENDH RNA-directed RNA polymerase L OS=Hendra virus (isolate Horse/Autralia/Hendra/1994) GN=L PE=3 SV=2,1776,0.18828370541182293,IIYNLEEIL
sp|O89344,sp|O89344 L_HENDH RNA-directed RNA polymerase L OS=Hendra virus (isolate Horse/Autralia/Hendra/1994) GN=L PE=3 SV=2,1824,2.6694725698584807,NLSPLIQRY
sp|O89344,sp|O89344 L_HENDH RNA-directed RNA polymerase L OS=Hendra virus (isolate Horse/Autralia/Hendra/1994) GN=L PE=3 SV=2,1832,0.6348306761266642,YLPAGSQRL
sp|O89344,sp|O89344 L_HENDH RNA-directed RNA polymerase L OS=Hendra virus (isolate Horse/Autralia/Hendra/1994) GN=L PE=3 SV=2,1871,4.654486022720944,DYIPGQREL
sp|O89344,sp|O89344 L_HENDH RNA-directed RNA polymerase L OS=Hendra virus (isolate Horse/Autralia/Hendra/1994) GN=L PE=3 SV=2,1885,0.6168956350290983,EYSIAEDDP
sp|O89344,sp|O89344 L_HENDH RNA-directed RNA polymerase L OS=Hendra virus (isolate Horse/Autralia/Hendra/1994) GN=L PE=3 SV=2,1918,1.163082896791239,NLDSYEYII
sp|O89344,sp|O89344 L_HENDH RNA-directed RNA polymerase L OS=Hendra virus (isolate Horse/Autralia/Hendra/1994) GN=L PE=3 SV=2,1933,3.3105038373854536,NIGLVHSDM
sp|O89344,sp|O89344 L_HENDH RNA-directed RNA polymerase L OS=Hendra virus (isolate Horse/Autralia/Hendra/1994) GN=L PE=3 SV=2,1940,1.14608529531611,DMESGIDKQ
sp|O89344,sp|O89344 L_HENDH RNA-directed RNA polymerase L OS=Hendra virus (isolate Horse/Autralia/Hendra/1994) GN=L PE=3 SV=2,1951,2.4676128785112015,EIMIEHSHL
sp|O89344,sp|O89344 L_HENDH RNA-directed RNA polymerase L OS=Hendra virus (isolate Horse/Autralia/Hendra/1994) GN=L PE=3 SV=2,1965,1.3502174883922868,NVMIEDGVL
sp|O89344,sp|O89344 L_HENDH RNA-directed RNA polymerase L OS=Hendra virus (isolate Horse/Autralia/Hendra/1994) GN=L PE=3 SV=2,1990,2.57405860774296,NMYRSYFGL
sp|O89344,sp|O89344 L_HENDH RNA-directed RNA polymerase L OS=Hendra virus (isolate Horse/Autralia/Hendra/1994) GN=L PE=3 SV=2,2025,5.951699536627518,TIIPPQKVL
sp|O89344,sp|O89344 L_HENDH RNA-directed RNA polymerase L OS=Hendra virus (isolate Horse/Autralia/Hendra/1994) GN=L PE=3 SV=2,2065,1.5577035896808793,DLVKHYQVE
sp|O89344,sp|O89344 L_HENDH RNA-directed RNA polymerase L OS=Hendra virus (isolate Horse/Autralia/Hendra/1994) GN=L PE=3 SV=2,2089,0.4638443988216604,LMQAGLKMN
sp|O89344,sp|O89344 L_HENDH RNA-directed RNA polymerase L OS=Hendra virus (isolate Horse/Autralia/Hendra/1994) GN=L PE=3 SV=2,2109,3.051895778124895,DIGSDINTL
sp|O89344,sp|O89344 L_HENDH RNA-directed RNA polymerase L OS=Hendra virus (isolate Horse/Autralia/Hendra/1994) GN=L PE=3 SV=2,2121,3.1301159744942204,IIILLNEAM
sp|O89344,sp|O89344 L_HENDH RNA-directed RNA polymerase L OS=Hendra virus (isolate Horse/Autralia/Hendra/1994) GN=L PE=3 SV=2,2137,0.7848701874033063,SPSHHLEPF
sp|O89344,sp|O89344 L_HENDH RNA-directed RNA polymerase L OS=Hendra virus (isolate Horse/Autralia/Hendra/1994) GN=L PE=3 SV=2,2195,0.702925411310213,DFRSHTMIK
sp|O89344,sp|O89344 L_HENDH RNA-directed RNA polymerase L OS=Hendra virus (isolate Horse/Autralia/Hendra/1994) GN=L PE=3 SV=2,2225,2.615387220915328,DLSNREVKI
sp|O89343,sp|O89343 GLYCP_HENDH Glycoprotein G OS=Hendra virus (isolate Horse/Autralia/Hendra/1994) GN=G PE=1 SV=2,13,1.3536767444046207,NLSGKIKDQ
sp|O89343,sp|O89343 GLYCP_HENDH Glycoprotein G OS=Hendra virus (isolate Horse/Autralia/Hendra/1994) GN=G PE=1 SV=2,20,2.614485628712301,DQGKVIKNY
sp|O89343,sp|O89343 GLYCP_HENDH Glycoprotein G OS=Hendra virus (isolate Horse/Autralia/Hendra/1994) GN=G PE=1 SV=2,33,4.1760807369743045,DIKKINDGL
sp|O89343,sp|O89343 GLYCP_HENDH Glycoprotein G OS=Hendra virus (isolate Horse/Autralia/Hendra/1994) GN=G PE=1 SV=2,49,3.55228155828353,AFNTVIALL
sp|O89343,sp|O89343 GLYCP_HENDH Glycoprotein G OS=Hendra virus (isolate Horse/Autralia/Hendra/1994) GN=G PE=1 SV=2,86,3.633808546136489,SLQSVQQQI
sp|O89343,sp|O89343 GLYCP_HENDH Glycoprotein G OS=Hendra virus (isolate Horse/Autralia/Hendra/1994) GN=G PE=1 SV=2,89,1.5472435430037634,SVQQQIKAL
sp|O89343,sp|O89343 GLYCP_HENDH Glycoprotein G OS=Hendra virus (isolate Horse/Autralia/Hendra/1994) GN=G PE=1 SV=2,118,0.9570735814115825,ITIPANIGL
sp|O89343,sp|O89343 GLYCP_HENDH Glycoprotein G OS=Hendra virus (isolate Horse/Autralia/Hendra/1994) GN=G PE=1 SV=2,159,1.208334189671978,NISCPNPLP
sp|O89343,sp|O89343 GLYCP_HENDH Glycoprotein G OS=Hendra virus (isolate Horse/Autralia/Hendra/1994) GN=G PE=1 SV=2,180,0.5299678520672502,DLVGLPNQI
sp|O89343,sp|O89343 GLYCP_HENDH Glycoprotein G OS=Hendra virus (isolate Horse/Autralia/Hendra/1994) GN=G PE=1 SV=2,248,0.021153420729688843,RIIGVGEVL
sp|O89343,sp|O89343 GLYCP_HENDH Glycoprotein G OS=Hendra virus (isolate Horse/Autralia/Hendra/1994) GN=G PE=1 SV=2,306,0.028941757652261924,NSTSWTESL
sp|O89343,sp|O89343 GLYCP_HENDH Glycoprotein G OS=Hendra virus (isolate Horse/Autralia/Hendra/1994) GN=G PE=1 SV=2,315,0.5219788046187981,SLIRLAVRP
sp|O89343,sp|O89343 GLYCP_HENDH Glycoprotein G OS=Hendra virus (isolate Horse/Autralia/Hendra/1994) GN=G PE=1 SV=2,329,2.877540513841499,DYNQKYIAI
sp|O89343,sp|O89343 GLYCP_HENDH Glycoprotein G OS=Hendra virus (isolate Horse/Autralia/Hendra/1994) GN=G PE=1 SV=2,363,0.6677675159294094,YFPAVGFLP
sp|O89343,sp|O89343 GLYCP_HENDH Glycoprotein G OS=Hendra virus (isolate Horse/Autralia/Hendra/1994) GN=G PE=1 SV=2,423,3.0200170557680703,DIILQFIEI
sp|O89343,sp|O89343 GLYCP_HENDH Glycoprotein G OS=Hendra virus (isolate Horse/Autralia/Hendra/1994) GN=G PE=1 SV=2,428,0.13946569285680233,FIEIADNRL
sp|O89343,sp|O89343 GLYCP_HENDH Glycoprotein G OS=Hendra virus (isolate Horse/Autralia/Hendra/1994) GN=G PE=1 SV=2,437,0.3976010716473834,TIGSPSKIY
sp|O89343,sp|O89343 GLYCP_HENDH Glycoprotein G OS=Hendra virus (isolate Horse/Autralia/Hendra/1994) GN=G PE=1 SV=2,462,0.796410166743831,TMIKLGDVD
sp|O89343,sp|O89343 GLYCP_HENDH Glycoprotein G OS=Hendra virus (isolate Horse/Autralia/Hendra/1994) GN=G PE=1 SV=2,529,5.391775258987659,NQTAENPVF
sp|O89343,sp|O89343 GLYCP_HENDH Glycoprotein G OS=Hendra virus (isolate Horse/Autralia/Hendra/1994) GN=G PE=1 SV=2,532,1.2735280429425972,AENPVFAVF
sp|O89343,sp|O89343 GLYCP_HENDH Glycoprotein G OS=Hendra virus (isolate Horse/Autralia/Hendra/1994) GN=G PE=1 SV=2,538,0.18981286321415913,AVFKDNEIL
sp|O89343,sp|O89343 GLYCP_HENDH Glycoprotein G OS=Hendra virus (isolate Horse/Autralia/Hendra/1994) GN=G PE=1 SV=2,543,1.7257825278646655,NEILYQVPL
sp|O89342,sp|O89342 FUS_HENDH Fusion glycoprotein F0 OS=Hendra virus (isolate Horse/Autralia/Hendra/1994) GN=F PE=1 SV=2,88,0.5840524734253436,SPIKGAIEL
sp|O89342,sp|O89342 FUS_HENDH Fusion glycoprotein F0 OS=Hendra virus (isolate Horse/Autralia/Hendra/1994) GN=F PE=1 SV=2,95,0.8912383296401258,ELYNNNTHD
sp|O89342,sp|O89342 FUS_HENDH Fusion glycoprotein F0 OS=Hendra virus (isolate Horse/Autralia/Hendra/1994) GN=F PE=1 SV=2,107,0.5821261241537453,DVKLAGVVM
sp|O89342,sp|O89342 FUS_HENDH Fusion glycoprotein F0 OS=Hendra virus (isolate Horse/Autralia/Hendra/1994) GN=F PE=1 SV=2,177,1.0270211244653487,DYINTNLVP
sp|O89342,sp|O89342 FUS_HENDH Fusion glycoprotein F0 OS=Hendra virus (isolate Horse/Autralia/Hendra/1994) GN=F PE=1 SV=2,202,0.5034500192148652,ALSKYLSDL
sp|O89342,sp|O89342 FUS_HENDH Fusion glycoprotein F0 OS=Hendra virus (isolate Horse/Autralia/Hendra/1994) GN=F PE=1 SV=2,206,1.0794019320942025,YLSDLLFVF
sp|O89342,sp|O89342 FUS_HENDH Fusion glycoprotein F0 OS=Hendra virus (isolate Horse/Autralia/Hendra/1994) GN=F PE=1 SV=2,209,1.2692794455977379,DLLFVFGPN
sp|O89342,sp|O89342 FUS_HENDH Fusion glycoprotein F0 OS=Hendra virus (isolate Horse/Autralia/Hendra/1994) GN=F PE=1 SV=2,213,0.047884400801891824,VFGPNLQDP
sp|O89342,sp|O89342 FUS_HENDH Fusion glycoprotein F0 OS=Hendra virus (isolate Horse/Autralia/Hendra/1994) GN=F PE=1 SV=2,218,0.1695638932493635,LQDPVSNSM
sp|O89342,sp|O89342 FUS_HENDH Fusion glycoprotein F0 OS=Hendra virus (isolate Horse/Autralia/Hendra/1994) GN=F PE=1 SV=2,227,3.0081439453288947,TIQAISQAF
sp|O89342,sp|O89342 FUS_HENDH Fusion glycoprotein F0 OS=Hendra virus (isolate Horse/Autralia/Hendra/1994) GN=F PE=1 SV=2,234,3.7686945637041296,AFGGNYETL
sp|O89342,sp|O89342 FUS_HENDH Fusion glycoprotein F0 OS=Hendra virus (isolate Horse/Autralia/Hendra/1994) GN=F PE=1 SV=2,245,2.5408858380370214,TLGYATEDF
sp|O89342,sp|O89342 FUS_HENDH Fusion glycoprotein F0 OS=Hendra virus (isolate Horse/Autralia/Hendra/1994) GN=F PE=1 SV=2,248,0.8787110525330841,YATEDFDDL
sp|O89342,sp|O89342 FUS_HENDH Fusion glycoprotein F0 OS=Hendra virus (isolate Horse/Autralia/Hendra/1994) GN=F PE=1 SV=2,252,3.3219774519088157,DFDDLLESD
sp|O89342,sp|O89342 FUS_HENDH Fusion glycoprotein F0 OS=Hendra virus (isolate Horse/Autralia/Hendra/1994) GN=F PE=1 SV=2,270,1.9751622011287322,DLSSYYIIV
sp|O89342,sp|O89342 FUS_HENDH Fusion glycoprotein F0 OS=Hendra virus (isolate Horse/Autralia/Hendra/1994) GN=F PE=1 SV=2,288,1.6492109329968627,IQQAYVQEL
sp|O89342,sp|O89342 FUS_HENDH Fusion glycoprotein F0 OS=Hendra virus (isolate Horse/Autralia/Hendra/1994) GN=F PE=1 SV=2,295,0.9412693390307444,ELLPVSFNN
sp|O89342,sp|O89342 FUS_HENDH Fusion glycoprotein F0 OS=Hendra virus (isolate Horse/Autralia/Hendra/1994) GN=F PE=1 SV=2,300,5.164023911196937,SFNNDNSEW
sp|O89342,sp|O89342 FUS_HENDH Fusion glycoprotein F0 OS=Hendra virus (isolate Horse/Autralia/Hendra/1994) GN=F PE=1 SV=2,425,1.3124262436831922,IIISLGKYL
sp|O89342,sp|O89342 FUS_HENDH Fusion glycoprotein F0 OS=Hendra virus (isolate Horse/Autralia/Hendra/1994) GN=F PE=1 SV=2,435,1.562270625507894,SINYNSESI
sp|O89342,sp|O89342 FUS_HENDH Fusion glycoprotein F0 OS=Hendra virus (isolate Horse/Autralia/Hendra/1994) GN=F PE=1 SV=2,437,1.1407502183722473,NYNSESIAV
sp|O89342,sp|O89342 FUS_HENDH Fusion glycoprotein F0 OS=Hendra virus (isolate Horse/Autralia/Hendra/1994) GN=F PE=1 SV=2,442,0.20196520475332264,SIAVGPPVY
sp|O89342,sp|O89342 FUS_HENDH Fusion glycoprotein F0 OS=Hendra virus (isolate Horse/Autralia/Hendra/1994) GN=F PE=1 SV=2,455,3.345675098083711,DISSQISSM
sp|O89342,sp|O89342 FUS_HENDH Fusion glycoprotein F0 OS=Hendra virus (isolate Horse/Autralia/Hendra/1994) GN=F PE=1 SV=2,472,2.4815191886600463,DYIKEAQKI
sp|O89342,sp|O89342 FUS_HENDH Fusion glycoprotein F0 OS=Hendra virus (isolate Horse/Autralia/Hendra/1994) GN=F PE=1 SV=2,473,1.4054665180360795,YIKEAQKIL
sp|O89342,sp|O89342 FUS_HENDH Fusion glycoprotein F0 OS=Hendra virus (isolate Horse/Autralia/Hendra/1994) GN=F PE=1 SV=2,480,4.501356952183595,ILDTVNPSL
sp|O89341,sp|O89341 MATRX_HENDH Matrix protein OS=Hendra virus (isolate Horse/Autralia/Hendra/1994) GN=M PE=3 SV=2,2,1.375167234363794,DFSVSDNLD
sp|O89341,sp|O89341 MATRX_HENDH Matrix protein OS=Hendra virus (isolate Horse/Autralia/Hendra/1994) GN=M PE=3 SV=2,8,0.1256609895173273,NLDDPIEGV
sp|O89341,sp|O89341 MATRX_HENDH Matrix protein OS=Hendra virus (isolate Horse/Autralia/Hendra/1994) GN=M PE=3 SV=2,11,0.9948686569296347,DPIEGVSDF
sp|O89341,sp|O89341 MATRX_HENDH Matrix protein OS=Hendra virus (isolate Horse/Autralia/Hendra/1994) GN=M PE=3 SV=2,18,1.229210332589425,DFSPTSWEN
sp|O89341,sp|O89341 MATRX_HENDH Matrix protein OS=Hendra virus (isolate Horse/Autralia/Hendra/1994) GN=M PE=3 SV=2,29,3.3455514939607243,YLDKVEPEI
sp|O89341,sp|O89341 MATRX_HENDH Matrix protein OS=Hendra virus (isolate Horse/Autralia/Hendra/1994) GN=M PE=3 SV=2,36,0.7708848494278779,EIDKHGSMI
sp|O89341,sp|O89341 MATRX_HENDH Matrix protein OS=Hendra virus (isolate Horse/Autralia/Hendra/1994) GN=M PE=3 SV=2,42,2.729504578156297,SMIPKYKIY
sp|O89341,sp|O89341 MATRX_HENDH Matrix protein OS=Hendra virus (isolate Horse/Autralia/Hendra/1994) GN=M PE=3 SV=2,55,1.8501553902729944,NERKFNNYM
sp|O89341,sp|O89341 MATRX_HENDH Matrix protein OS=Hendra virus (isolate Horse/Autralia/Hendra/1994) GN=M PE=3 SV=2,99,0.8798019940164122,STSHPQDLL
sp|O89341,sp|O89341 MATRX_HENDH Matrix protein OS=Hendra virus (isolate Horse/Autralia/Hendra/1994) GN=M PE=3 SV=2,161,0.3461630037953074,DQIQLENQQ
sp|O89341,sp|O89341 MATRX_HENDH Matrix protein OS=Hendra virus (isolate Horse/Autralia/Hendra/1994) GN=M PE=3 SV=2,174,0.1332557050340245,FFLSITKLN
sp|O89341,sp|O89341 MATRX_HENDH Matrix protein OS=Hendra virus (isolate Horse/Autralia/Hendra/1994) GN=M PE=3 SV=2,234,2.3127270774408286,SFMLHLGNF
sp|O89341,sp|O89341 MATRX_HENDH Matrix protein OS=Hendra virus (isolate Horse/Autralia/Hendra/1994) GN=M PE=3 SV=2,241,0.196488610707717,NFVRRAGKY
sp|O89341,sp|O89341 MATRX_HENDH Matrix protein OS=Hendra virus (isolate Horse/Autralia/Hendra/1994) GN=M PE=3 SV=2,260,0.9313423848239082,DRMKLQFSL
sp|O89341,sp|O89341 MATRX_HENDH Matrix protein OS=Hendra virus (isolate Horse/Autralia/Hendra/1994) GN=M PE=3 SV=2,301,3.551413793253968,SLMDINPWL
sp|O89341,sp|O89341 MATRX_HENDH Matrix protein OS=Hendra virus (isolate Horse/Autralia/Hendra/1994) GN=M PE=3 SV=2,304,5.324309319097536,DINPWLNRL
sp|O89341,sp|O89341 MATRX_HENDH Matrix protein OS=Hendra virus (isolate Horse/Autralia/Hendra/1994) GN=M PE=3 SV=2,319,4.171701366690129,EISRVAAVL
sp|O89341,sp|O89341 MATRX_HENDH Matrix protein OS=Hendra virus (isolate Horse/Autralia/Hendra/1994) GN=M PE=3 SV=2,334,4.120308754807274,EFMIYDDVF
sp|O89339,sp|O89339 NCAP_HENDH Nucleoprotein OS=Hendra virus (isolate Horse/Autralia/Hendra/1994) GN=N PE=3 SV=1,3,1.9949069839676112,DIFDEAASF
sp|O89339,sp|O89339 NCAP_HENDH Nucleoprotein OS=Hendra virus (isolate Horse/Autralia/Hendra/1994) GN=N PE=3 SV=1,10,2.43102445336835,SFRSYQSKL
sp|O89339,sp|O89339 NCAP_HENDH Nucleoprotein OS=Hendra virus (isolate Horse/Autralia/Hendra/1994) GN=N PE=3 SV=1,76,0.2784298069610167,LISMYSERP
sp|O89339,sp|O89339 NCAP_HENDH Nucleoprotein OS=Hendra virus (isolate Horse/Autralia/Hendra/1994) GN=N PE=3 SV=1,96,1.940320990691421,DIEAVIIDV
sp|O89339,sp|O89339 NCAP_HENDH Nucleoprotein OS=Hendra virus (isolate Horse/Autralia/Hendra/1994) GN=N PE=3 SV=1,106,2.662054087650575,SMLNGIPVM
sp|O89339,sp|O89339 NCAP_HENDH Nucleoprotein OS=Hendra virus (isolate Horse/Autralia/Hendra/1994) GN=N PE=3 SV=1,157,0.3806474737492678,DMSTLVSAV
sp|O89339,sp|O89339 NCAP_HENDH Nucleoprotein OS=Hendra virus (isolate Horse/Autralia/Hendra/1994) GN=N PE=3 SV=1,167,0.2083473291689073,TIEAQIWIL
sp|O89339,sp|O89339 NCAP_HENDH Nucleoprotein OS=Hendra virus (isolate Horse/Autralia/Hendra/1994) GN=N PE=3 SV=1,205,2.313250401572769,PFFALTQQW
sp|O89339,sp|O89339 NCAP_HENDH Nucleoprotein OS=Hendra virus (isolate Horse/Autralia/Hendra/1994) GN=N PE=3 SV=1,283,0.9737626529313215,ALNEFQSDL
sp|O89339,sp|O89339 NCAP_HENDH Nucleoprotein OS=Hendra virus (isolate Horse/Autralia/Hendra/1994) GN=N PE=3 SV=1,286,1.5282503315908877,EFQSDLNTI
sp|O89339,sp|O89339 NCAP_HENDH Nucleoprotein OS=Hendra virus (isolate Horse/Autralia/Hendra/1994) GN=N PE=3 SV=1,290,1.8815868898973733,DLNTIKGLM
sp|O89339,sp|O89339 NCAP_HENDH Nucleoprotein OS=Hendra virus (isolate Horse/Autralia/Hendra/1994) GN=N PE=3 SV=1,292,2.5930966378894746,NTIKGLMLL
sp|O89339,sp|O89339 NCAP_HENDH Nucleoprotein OS=Hendra virus (isolate Horse/Autralia/Hendra/1994) GN=N PE=3 SV=1,303,2.4167110779687198,EIGPRAPYM
sp|O89339,sp|O89339 NCAP_HENDH Nucleoprotein OS=Hendra virus (isolate Horse/Autralia/Hendra/1994) GN=N PE=3 SV=1,349,4.1578011950792755,NINRGYLEP
sp|O89339,sp|O89339 NCAP_HENDH Nucleoprotein OS=Hendra virus (isolate Horse/Autralia/Hendra/1994) GN=N PE=3 SV=1,407,5.392427964296847,NMQAREAKF
sp|O89339,sp|O89339 NCAP_HENDH Nucleoprotein OS=Hendra virus (isolate Horse/Autralia/Hendra/1994) GN=N PE=3 SV=1,428,3.7157347775788345,DIDEEEEPI
sp|O89339,sp|O89339 NCAP_HENDH Nucleoprotein OS=Hendra virus (isolate Horse/Autralia/Hendra/1994) GN=N PE=3 SV=1,515,2.4396827389154083,DQEPKPAQN
sp|O89339,sp|O89339 NCAP_HENDH Nucleoprotein OS=Hendra virus (isolate Horse/Autralia/Hendra/1994) GN=N PE=3 SV=1,517,0.17373022232299817,EPKPAQNDL
sp|P0C1C6,sp|P0C1C6 W_HENDH Protein W OS=Hendra virus (isolate Horse/Autralia/Hendra/1994) GN=P/V/C PE=3 SV=1,12,2.268878019637881,DIIDFIQKN
sp|P0C1C6,sp|P0C1C6 W_HENDH Protein W OS=Hendra virus (isolate Horse/Autralia/Hendra/1994) GN=P/V/C PE=3 SV=1,15,2.640291853002638,DFIQKNQKE
sp|P0C1C6,sp|P0C1C6 W_HENDH Protein W OS=Hendra virus (isolate Horse/Autralia/Hendra/1994) GN=P/V/C PE=3 SV=1,16,4.253172896171385,FIQKNQKEI
sp|P0C1C6,sp|P0C1C6 W_HENDH Protein W OS=Hendra virus (isolate Horse/Autralia/Hendra/1994) GN=P/V/C PE=3 SV=1,70,1.0348118424931312,TEGRNVEDL
sp|P0C1C6,sp|P0C1C6 W_HENDH Protein W OS=Hendra virus (isolate Horse/Autralia/Hendra/1994) GN=P/V/C PE=3 SV=1,77,2.2848470092196274,DLSSVTSSD
sp|P0C1C6,sp|P0C1C6 W_HENDH Protein W OS=Hendra virus (isolate Horse/Autralia/Hendra/1994) GN=P/V/C PE=3 SV=1,94,1.176791901197061,NTRAWAEDP
sp|P0C1C6,sp|P0C1C6 W_HENDH Protein W OS=Hendra virus (isolate Horse/Autralia/Hendra/1994) GN=P/V/C PE=3 SV=1,153,0.5570814057658124,DTKVLPNAP
sp|P0C1C6,sp|P0C1C6 W_HENDH Protein W OS=Hendra virus (isolate Horse/Autralia/Hendra/1994) GN=P/V/C PE=3 SV=1,173,4.051782088572274,DLIGLEDKF
sp|P0C1C6,sp|P0C1C6 W_HENDH Protein W OS=Hendra virus (isolate Horse/Autralia/Hendra/1994) GN=P/V/C PE=3 SV=1,187,1.5098415794651228,NPAAVPFVP
sp|P0C1C6,sp|P0C1C6 W_HENDH Protein W OS=Hendra virus (isolate Horse/Autralia/Hendra/1994) GN=P/V/C PE=3 SV=1,197,4.1420912993435905,NQSTPTEEP
sp|P0C1C6,sp|P0C1C6 W_HENDH Protein W OS=Hendra virus (isolate Horse/Autralia/Hendra/1994) GN=P/V/C PE=3 SV=1,242,1.3906045269821723,DEDENQLEY
sp|P0C1C6,sp|P0C1C6 W_HENDH Protein W OS=Hendra virus (isolate Horse/Autralia/Hendra/1994) GN=P/V/C PE=3 SV=1,244,0.6423499895954787,DENQLEYED
sp|P0C1C6,sp|P0C1C6 W_HENDH Protein W OS=Hendra virus (isolate Horse/Autralia/Hendra/1994) GN=P/V/C PE=3 SV=1,246,1.3558022703712809,NQLEYEDEF
sp|P0C1C6,sp|P0C1C6 W_HENDH Protein W OS=Hendra virus (isolate Horse/Autralia/Hendra/1994) GN=P/V/C PE=3 SV=1,274,0.8764104562053137,NQEEVVGDP
sp|P0C1C6,sp|P0C1C6 W_HENDH Protein W OS=Hendra virus (isolate Horse/Autralia/Hendra/1994) GN=P/V/C PE=3 SV=1,284,1.190535084492105,DQGLEHPFP
sp|P0C1C6,sp|P0C1C6 W_HENDH Protein W OS=Hendra virus (isolate Horse/Autralia/Hendra/1994) GN=P/V/C PE=3 SV=1,304,0.08973534742390821,DVRRKDSLM
