seqid,description,position,seq,score
sp|O55779,sp|O55779 C_HENDH Protein C OS=Hendra virus (isolate Horse/Autralia/Hendra/1994) GN=P/V/C PE=2 SV=1,156,0.5434742239254766,LQFLKKLGKL
sp|O55778,sp|O55778 PHOSP_HENDH Phosphoprotein OS=Hendra virus (isolate Horse/Autralia/Hendra/1994) GN=P/V/C PE=2 SV=2,33,4.097297992977846,IQQPSTKDRT
sp|O55778,sp|O55778 PHOSP_HENDH Phosphoprotein OS=Hendra virus (isolate Horse/Autralia/Hendra/1994) GN=P/V/C PE=2 SV=2,105,2.6105741415537045,IQLDPMVTDV
sp|O55778,sp|O55778 PHOSP_HENDH Phosphoprotein OS=Hendra virus (isolate Horse/Autralia/Hendra/1994) GN=P/V/C PE=2 SV=2,146,0.03430364409021991,GNVRAVPDTK
sp|O55778,sp|O55778 PHOSP_HENDH Phosphoprotein OS=Hendra virus (isolate Horse/Autralia/Hendra/1994) GN=P/V/C PE=2 SV=2,323,0.7627319868894857,KRLPMLSEEF
sp|O55778,sp|O55778 PHOSP_HENDH Phosphoprotein OS=Hendra virus (isolate Horse/Autralia/Hendra/1994) GN=P/V/C PE=2 SV=2,446,1.0704872642172252,VQLSAPSAVT
sp|O55778,sp|O55778 PHOSP_HENDH Phosphoprotein OS=Hendra virus (isolate Horse/Autralia/Hendra/1994) GN=P/V/C PE=2 SV=2,485,2.420695478867751,TFLPHDTDRL
sp|O55778,sp|O55778 PHOSP_HENDH Phosphoprotein OS=Hendra virus (isolate Horse/Autralia/Hendra/1994) GN=P/V/C PE=2 SV=2,560,0.5317173862763374,TALSTIEGHL
sp|O55778,sp|O55778 PHOSP_HENDH Phosphoprotein OS=Hendra virus (isolate Horse/Autralia/Hendra/1994) GN=P/V/C PE=2 SV=2,598,0.003322625696214665,RNILEQQELF
sp|O55778,sp|O55778 PHOSP_HENDH Phosphoprotein OS=Hendra virus (isolate Horse/Autralia/Hendra/1994) GN=P/V/C PE=2 SV=2,648,2.449882855247321,SQFVPLADDA
sp|O55777,sp|O55777 V_HENDH Non-structural protein V OS=Hendra virus (isolate Horse/Autralia/Hendra/1994) GN=P/V/C PE=1 SV=1,33,4.097297992977846,IQQPSTKDRT
sp|O55777,sp|O55777 V_HENDH Non-structural protein V OS=Hendra virus (isolate Horse/Autralia/Hendra/1994) GN=P/V/C PE=1 SV=1,105,2.6105741415537045,IQLDPMVTDV
sp|O55777,sp|O55777 V_HENDH Non-structural protein V OS=Hendra virus (isolate Horse/Autralia/Hendra/1994) GN=P/V/C PE=1 SV=1,146,0.03430364409021991,GNVRAVPDTK
sp|O55777,sp|O55777 V_HENDH Non-structural protein V OS=Hendra virus (isolate Horse/Autralia/Hendra/1994) GN=P/V/C PE=1 SV=1,323,0.7627319868894857,KRLPMLSEEF
sp|O89344,sp|O89344 L_HENDH RNA-directed RNA polymerase L OS=Hendra virus (isolate Horse/Autralia/Hendra/1994) GN=L PE=3 SV=2,60,1.667455374182566,SVYISRQSRL
sp|O89344,sp|O89344 L_HENDH RNA-directed RNA polymerase L OS=Hendra virus (isolate Horse/Autralia/Hendra/1994) GN=L PE=3 SV=2,164,0.9043466420420434,SQWYECFLFW
sp|O89344,sp|O89344 L_HENDH RNA-directed RNA polymerase L OS=Hendra virus (isolate Horse/Autralia/Hendra/1994) GN=L PE=3 SV=2,343,0.17987103465715948,SVMNIDNIHL
sp|O89344,sp|O89344 L_HENDH RNA-directed RNA polymerase L OS=Hendra virus (isolate Horse/Autralia/Hendra/1994) GN=L PE=3 SV=2,474,1.4229675614275663,KALSPIKEEW
sp|O89344,sp|O89344 L_HENDH RNA-directed RNA polymerase L OS=Hendra virus (isolate Horse/Autralia/Hendra/1994) GN=L PE=3 SV=2,750,0.7809961779648769,GFFNWMHKRL
sp|O89344,sp|O89344 L_HENDH RNA-directed RNA polymerase L OS=Hendra virus (isolate Horse/Autralia/Hendra/1994) GN=L PE=3 SV=2,857,4.508082497030056,RQAQLYFDRL
sp|O89344,sp|O89344 L_HENDH RNA-directed RNA polymerase L OS=Hendra virus (isolate Horse/Autralia/Hendra/1994) GN=L PE=3 SV=2,868,0.8967151833698886,MNLRALGLNL
sp|O89344,sp|O89344 L_HENDH RNA-directed RNA polymerase L OS=Hendra virus (isolate Horse/Autralia/Hendra/1994) GN=L PE=3 SV=2,950,1.2689586718801291,INVLKVIQQL
sp|O89344,sp|O89344 L_HENDH RNA-directed RNA polymerase L OS=Hendra virus (isolate Horse/Autralia/Hendra/1994) GN=L PE=3 SV=2,956,0.516847276404389,IQQLLISTEF
sp|O89344,sp|O89344 L_HENDH RNA-directed RNA polymerase L OS=Hendra virus (isolate Horse/Autralia/Hendra/1994) GN=L PE=3 SV=2,977,3.9583942443787934,SPISNNLDWL
sp|O89344,sp|O89344 L_HENDH RNA-directed RNA polymerase L OS=Hendra virus (isolate Horse/Autralia/Hendra/1994) GN=L PE=3 SV=2,990,5.438656819534371,SRIPAPIGGF
sp|O89344,sp|O89344 L_HENDH RNA-directed RNA polymerase L OS=Hendra virus (isolate Horse/Autralia/Hendra/1994) GN=L PE=3 SV=2,1042,1.6765393758882534,NQEPGDASFL
sp|O89344,sp|O89344 L_HENDH RNA-directed RNA polymerase L OS=Hendra virus (isolate Horse/Autralia/Hendra/1994) GN=L PE=3 SV=2,1084,0.054779438337631214,SPNPMLKGLF
sp|O89344,sp|O89344 L_HENDH RNA-directed RNA polymerase L OS=Hendra virus (isolate Horse/Autralia/Hendra/1994) GN=L PE=3 SV=2,1153,0.9914022430940364,GIQPKLVSRL
sp|O89344,sp|O89344 L_HENDH RNA-directed RNA polymerase L OS=Hendra virus (isolate Horse/Autralia/Hendra/1994) GN=L PE=3 SV=2,1240,0.17503366635131057,DQGNTMYGWF
sp|O89344,sp|O89344 L_HENDH RNA-directed RNA polymerase L OS=Hendra virus (isolate Horse/Autralia/Hendra/1994) GN=L PE=3 SV=2,1248,0.6228308869585077,WFFVPRDSQL
sp|O89344,sp|O89344 L_HENDH RNA-directed RNA polymerase L OS=Hendra virus (isolate Horse/Autralia/Hendra/1994) GN=L PE=3 SV=2,1267,0.30838044083573224,IRVPYVGSST
sp|O89344,sp|O89344 L_HENDH RNA-directed RNA polymerase L OS=Hendra virus (isolate Horse/Autralia/Hendra/1994) GN=L PE=3 SV=2,1354,7.012616359300381,TQFKLPGSVL
sp|O89344,sp|O89344 L_HENDH RNA-directed RNA polymerase L OS=Hendra virus (isolate Horse/Autralia/Hendra/1994) GN=L PE=3 SV=2,1370,1.1937665665224344,VNISNDNLDF
sp|O89344,sp|O89344 L_HENDH RNA-directed RNA polymerase L OS=Hendra virus (isolate Horse/Autralia/Hendra/1994) GN=L PE=3 SV=2,1547,4.192560664566045,GQSISVKWAF
sp|O89344,sp|O89344 L_HENDH RNA-directed RNA polymerase L OS=Hendra virus (isolate Horse/Autralia/Hendra/1994) GN=L PE=3 SV=2,1722,0.7724854757569231,MVFYASLTYL
sp|O89344,sp|O89344 L_HENDH RNA-directed RNA polymerase L OS=Hendra virus (isolate Horse/Autralia/Hendra/1994) GN=L PE=3 SV=2,1894,1.345500223979737,SQSDKLKGLV
sp|O89344,sp|O89344 L_HENDH RNA-directed RNA polymerase L OS=Hendra virus (isolate Horse/Autralia/Hendra/1994) GN=L PE=3 SV=2,2029,1.9808265123931057,PQKVLDHSYL
sp|O89344,sp|O89344 L_HENDH RNA-directed RNA polymerase L OS=Hendra virus (isolate Horse/Autralia/Hendra/1994) GN=L PE=3 SV=2,2057,0.1967013487033764,IQSKQFHEDL
sp|O89344,sp|O89344 L_HENDH RNA-directed RNA polymerase L OS=Hendra virus (isolate Horse/Autralia/Hendra/1994) GN=L PE=3 SV=2,2060,1.2632720246578364,KQFHEDLVKH
sp|O89344,sp|O89344 L_HENDH RNA-directed RNA polymerase L OS=Hendra virus (isolate Horse/Autralia/Hendra/1994) GN=L PE=3 SV=2,2232,1.0223226059415442,KIWWKIIGYL
sp|O89343,sp|O89343 GLYCP_HENDH Glycoprotein G OS=Hendra virus (isolate Horse/Autralia/Hendra/1994) GN=G PE=1 SV=2,26,0.3642717413254789,KNYYGTMDIK
sp|O89343,sp|O89343 GLYCP_HENDH Glycoprotein G OS=Hendra virus (isolate Horse/Autralia/Hendra/1994) GN=G PE=1 SV=2,48,2.6161680282888637,GAFNTVIALL
sp|O89343,sp|O89343 GLYCP_HENDH Glycoprotein G OS=Hendra virus (isolate Horse/Autralia/Hendra/1994) GN=G PE=1 SV=2,118,1.6734879023861284,ITIPANIGLL
sp|O89343,sp|O89343 GLYCP_HENDH Glycoprotein G OS=Hendra virus (isolate Horse/Autralia/Hendra/1994) GN=G PE=1 SV=2,172,2.364328843704094,RPISQGVSDL
sp|O89343,sp|O89343 GLYCP_HENDH Glycoprotein G OS=Hendra virus (isolate Horse/Autralia/Hendra/1994) GN=G PE=1 SV=2,175,5.052502332983854,SQGVSDLVGL
sp|O89343,sp|O89343 GLYCP_HENDH Glycoprotein G OS=Hendra virus (isolate Horse/Autralia/Hendra/1994) GN=G PE=1 SV=2,247,1.747124629473105,QRIIGVGEVL
sp|O89343,sp|O89343 GLYCP_HENDH Glycoprotein G OS=Hendra virus (isolate Horse/Autralia/Hendra/1994) GN=G PE=1 SV=2,355,0.667391788937155,GIKQGDTLYF
sp|O89343,sp|O89343 GLYCP_HENDH Glycoprotein G OS=Hendra virus (isolate Horse/Autralia/Hendra/1994) GN=G PE=1 SV=2,366,0.16425889733382748,AVGFLPRTEF
sp|O89343,sp|O89343 GLYCP_HENDH Glycoprotein G OS=Hendra virus (isolate Horse/Autralia/Hendra/1994) GN=G PE=1 SV=2,547,1.1213790022895946,YQVPLAEDDT
sp|O89342,sp|O89342 FUS_HENDH Fusion glycoprotein F0 OS=Hendra virus (isolate Horse/Autralia/Hendra/1994) GN=F PE=1 SV=2,74,0.3913930698227035,TVMENYKSRL
sp|O89342,sp|O89342 FUS_HENDH Fusion glycoprotein F0 OS=Hendra virus (isolate Horse/Autralia/Hendra/1994) GN=F PE=1 SV=2,88,0.7203137666191444,SPIKGAIELY
sp|O89342,sp|O89342 FUS_HENDH Fusion glycoprotein F0 OS=Hendra virus (isolate Horse/Autralia/Hendra/1994) GN=F PE=1 SV=2,232,2.5048446915973557,SQAFGGNYET
sp|O89342,sp|O89342 FUS_HENDH Fusion glycoprotein F0 OS=Hendra virus (isolate Horse/Autralia/Hendra/1994) GN=F PE=1 SV=2,233,1.9271025770527963,QAFGGNYETL
sp|O89342,sp|O89342 FUS_HENDH Fusion glycoprotein F0 OS=Hendra virus (isolate Horse/Autralia/Hendra/1994) GN=F PE=1 SV=2,276,0.8365453116521302,IIVRVYFPIL
sp|O89342,sp|O89342 FUS_HENDH Fusion glycoprotein F0 OS=Hendra virus (isolate Horse/Autralia/Hendra/1994) GN=F PE=1 SV=2,288,2.1070426381972167,IQQAYVQELL
sp|O89342,sp|O89342 FUS_HENDH Fusion glycoprotein F0 OS=Hendra virus (isolate Horse/Autralia/Hendra/1994) GN=F PE=1 SV=2,299,0.5210334611283474,VSFNNDNSEW
sp|O89342,sp|O89342 FUS_HENDH Fusion glycoprotein F0 OS=Hendra virus (isolate Horse/Autralia/Hendra/1994) GN=F PE=1 SV=2,313,0.9083935967210414,PNFVLIRNTL
sp|O89342,sp|O89342 FUS_HENDH Fusion glycoprotein F0 OS=Hendra virus (isolate Horse/Autralia/Hendra/1994) GN=F PE=1 SV=2,375,1.7371519397618234,RFALSGGVLF
sp|O89342,sp|O89342 FUS_HENDH Fusion glycoprotein F0 OS=Hendra virus (isolate Horse/Autralia/Hendra/1994) GN=F PE=1 SV=2,420,0.8089547425231666,VVLGNIIISL
sp|O89342,sp|O89342 FUS_HENDH Fusion glycoprotein F0 OS=Hendra virus (isolate Horse/Autralia/Hendra/1994) GN=F PE=1 SV=2,458,5.797699877501181,SQISSMNQSL
sp|O89342,sp|O89342 FUS_HENDH Fusion glycoprotein F0 OS=Hendra virus (isolate Horse/Autralia/Hendra/1994) GN=F PE=1 SV=2,479,1.8121233052740124,KILDTVNPSL
sp|O89342,sp|O89342 FUS_HENDH Fusion glycoprotein F0 OS=Hendra virus (isolate Horse/Autralia/Hendra/1994) GN=F PE=1 SV=2,534,0.07206556451475854,RPVSNGDLYY
sp|O89341,sp|O89341 MATRX_HENDH Matrix protein OS=Hendra virus (isolate Horse/Autralia/Hendra/1994) GN=M PE=3 SV=2,167,0.7327280654652688,NQQSLRIFFL
sp|O89341,sp|O89341 MATRX_HENDH Matrix protein OS=Hendra virus (isolate Horse/Autralia/Hendra/1994) GN=M PE=3 SV=2,172,2.3042440733307132,RIFFLSITKL
sp|O89341,sp|O89341 MATRX_HENDH Matrix protein OS=Hendra virus (isolate Horse/Autralia/Hendra/1994) GN=M PE=3 SV=2,201,0.4519067919037225,AIAFNLLVYL
sp|O89341,sp|O89341 MATRX_HENDH Matrix protein OS=Hendra virus (isolate Horse/Autralia/Hendra/1994) GN=M PE=3 SV=2,223,0.10412165739619783,GSFDKDGTKV
sp|O89341,sp|O89341 MATRX_HENDH Matrix protein OS=Hendra virus (isolate Horse/Autralia/Hendra/1994) GN=M PE=3 SV=2,303,0.423490428864304,MDINPWLNRL
sp|O89341,sp|O89341 MATRX_HENDH Matrix protein OS=Hendra virus (isolate Horse/Autralia/Hendra/1994) GN=M PE=3 SV=2,341,1.420777724551861,VFIDNTGKIL
sp|O89339,sp|O89339 NCAP_HENDH Nucleoprotein OS=Hendra virus (isolate Horse/Autralia/Hendra/1994) GN=N PE=3 SV=1,83,0.8208236787375387,RPGALIRSLL
sp|O89339,sp|O89339 NCAP_HENDH Nucleoprotein OS=Hendra virus (isolate Horse/Autralia/Hendra/1994) GN=N PE=3 SV=1,99,2.5372256116082452,AVIIDVGSML
sp|O89339,sp|O89339 NCAP_HENDH Nucleoprotein OS=Hendra virus (isolate Horse/Autralia/Hendra/1994) GN=N PE=3 SV=1,144,0.9358344244782976,PFVDSRAYGL
sp|O89339,sp|O89339 NCAP_HENDH Nucleoprotein OS=Hendra virus (isolate Horse/Autralia/Hendra/1994) GN=N PE=3 SV=1,166,0.415701652602386,ITIEAQIWIL
sp|O89339,sp|O89339 NCAP_HENDH Nucleoprotein OS=Hendra virus (isolate Horse/Autralia/Hendra/1994) GN=N PE=3 SV=1,170,0.6439224562081964,AQIWILIAKA
sp|O89339,sp|O89339 NCAP_HENDH Nucleoprotein OS=Hendra virus (isolate Horse/Autralia/Hendra/1994) GN=N PE=3 SV=1,198,1.696738057258157,VQQKRVNPFF
sp|O89339,sp|O89339 NCAP_HENDH Nucleoprotein OS=Hendra virus (isolate Horse/Autralia/Hendra/1994) GN=N PE=3 SV=1,204,0.8681481187856148,NPFFALTQQW
sp|O89339,sp|O89339 NCAP_HENDH Nucleoprotein OS=Hendra virus (isolate Horse/Autralia/Hendra/1994) GN=N PE=3 SV=1,266,1.4812548213204524,GFFATIRFGL
sp|O89339,sp|O89339 NCAP_HENDH Nucleoprotein OS=Hendra virus (isolate Horse/Autralia/Hendra/1994) GN=N PE=3 SV=1,321,3.1822706350295116,KFAPGGYPLL
sp|P0C1C6,sp|P0C1C6 W_HENDH Protein W OS=Hendra virus (isolate Horse/Autralia/Hendra/1994) GN=P/V/C PE=3 SV=1,33,4.097297992977846,IQQPSTKDRT
sp|P0C1C6,sp|P0C1C6 W_HENDH Protein W OS=Hendra virus (isolate Horse/Autralia/Hendra/1994) GN=P/V/C PE=3 SV=1,105,2.6105741415537045,IQLDPMVTDV
sp|P0C1C6,sp|P0C1C6 W_HENDH Protein W OS=Hendra virus (isolate Horse/Autralia/Hendra/1994) GN=P/V/C PE=3 SV=1,146,0.03430364409021991,GNVRAVPDTK
sp|P0C1C6,sp|P0C1C6 W_HENDH Protein W OS=Hendra virus (isolate Horse/Autralia/Hendra/1994) GN=P/V/C PE=3 SV=1,323,0.7627319868894857,KRLPMLSEEF
