seqid,description,position,seq,score
sp|O55778,sp|O55778 PHOSP_HENDH Phosphoprotein OS=Hendra virus (isolate Horse/Autralia/Hendra/1994) GN=P/V/C PE=2 SV=2,289,3.4367570251907056,HPFPLGKF
sp|O55777,sp|O55777 V_HENDH Non-structural protein V OS=Hendra virus (isolate Horse/Autralia/Hendra/1994) GN=P/V/C PE=1 SV=1,289,3.4367570251907056,HPFPLGKF
sp|O89344,sp|O89344 L_HENDH RNA-directed RNA polymerase L OS=Hendra virus (isolate Horse/Autralia/Hendra/1994) GN=L PE=3 SV=2,353,0.6828703595168424,LAEFFSFF
sp|O89344,sp|O89344 L_HENDH RNA-directed RNA polymerase L OS=Hendra virus (isolate Horse/Autralia/Hendra/1994) GN=L PE=3 SV=2,361,0.9514863775786427,RTFGHPIL
sp|O89344,sp|O89344 L_HENDH RNA-directed RNA polymerase L OS=Hendra virus (isolate Horse/Autralia/Hendra/1994) GN=L PE=3 SV=2,553,0.863890965727879,FAKMTYKM
sp|O89344,sp|O89344 L_HENDH RNA-directed RNA polymerase L OS=Hendra virus (isolate Horse/Autralia/Hendra/1994) GN=L PE=3 SV=2,585,0.997004535933612,VKDEHELL
sp|O89344,sp|O89344 L_HENDH RNA-directed RNA polymerase L OS=Hendra virus (isolate Horse/Autralia/Hendra/1994) GN=L PE=3 SV=2,808,1.5970800567023054,IATIPFLF
sp|O89344,sp|O89344 L_HENDH RNA-directed RNA polymerase L OS=Hendra virus (isolate Horse/Autralia/Hendra/1994) GN=L PE=3 SV=2,809,3.2343318504547964,ATIPFLFL
sp|O89344,sp|O89344 L_HENDH RNA-directed RNA polymerase L OS=Hendra virus (isolate Horse/Autralia/Hendra/1994) GN=L PE=3 SV=2,839,4.17665842915187,TQKVHPNL
sp|O89344,sp|O89344 L_HENDH RNA-directed RNA polymerase L OS=Hendra virus (isolate Horse/Autralia/Hendra/1994) GN=L PE=3 SV=2,965,0.5667753221272789,FSINETLT
sp|O89344,sp|O89344 L_HENDH RNA-directed RNA polymerase L OS=Hendra virus (isolate Horse/Autralia/Hendra/1994) GN=L PE=3 SV=2,1091,0.40291630065666295,GLFHDKSF
sp|O89344,sp|O89344 L_HENDH RNA-directed RNA polymerase L OS=Hendra virus (isolate Horse/Autralia/Hendra/1994) GN=L PE=3 SV=2,1535,0.3125236835188012,LMVDPELF
sp|O89344,sp|O89344 L_HENDH RNA-directed RNA polymerase L OS=Hendra virus (isolate Horse/Autralia/Hendra/1994) GN=L PE=3 SV=2,1591,0.23493848043597154,ALSHPRVF
sp|O89344,sp|O89344 L_HENDH RNA-directed RNA polymerase L OS=Hendra virus (isolate Horse/Autralia/Hendra/1994) GN=L PE=3 SV=2,1616,1.5868433705928529,HQQDFEKL
sp|O89344,sp|O89344 L_HENDH RNA-directed RNA polymerase L OS=Hendra virus (isolate Horse/Autralia/Hendra/1994) GN=L PE=3 SV=2,1760,0.6895221245827674,VENPPIKT
sp|O89344,sp|O89344 L_HENDH RNA-directed RNA polymerase L OS=Hendra virus (isolate Horse/Autralia/Hendra/1994) GN=L PE=3 SV=2,1907,0.8664902506372617,FNGRPETT
sp|O89344,sp|O89344 L_HENDH RNA-directed RNA polymerase L OS=Hendra virus (isolate Horse/Autralia/Hendra/1994) GN=L PE=3 SV=2,2070,7.093623667788856,YQVEQPFF
sp|O89344,sp|O89344 L_HENDH RNA-directed RNA polymerase L OS=Hendra virus (isolate Horse/Autralia/Hendra/1994) GN=L PE=3 SV=2,2076,1.1333029639157481,FFVPSHIT
sp|O89344,sp|O89344 L_HENDH RNA-directed RNA polymerase L OS=Hendra virus (isolate Horse/Autralia/Hendra/1994) GN=L PE=3 SV=2,2141,0.12504873797807559,HLEPFPVL
sp|O89344,sp|O89344 L_HENDH RNA-directed RNA polymerase L OS=Hendra virus (isolate Horse/Autralia/Hendra/1994) GN=L PE=3 SV=2,2194,0.8733034773546122,LDFRSHTM
sp|O89343,sp|O89343 GLYCP_HENDH Glycoprotein G OS=Hendra virus (isolate Horse/Autralia/Hendra/1994) GN=G PE=1 SV=2,103,1.7284293601376945,TEIGPKVS
sp|O89343,sp|O89343 GLYCP_HENDH Glycoprotein G OS=Hendra virus (isolate Horse/Autralia/Hendra/1994) GN=G PE=1 SV=2,222,0.4020610314306152,LAVDNGFF
sp|O89343,sp|O89343 GLYCP_HENDH Glycoprotein G OS=Hendra virus (isolate Horse/Autralia/Hendra/1994) GN=G PE=1 SV=2,259,2.176963049760814,GDKVPSMF
sp|O89343,sp|O89343 GLYCP_HENDH Glycoprotein G OS=Hendra virus (isolate Horse/Autralia/Hendra/1994) GN=G PE=1 SV=2,319,2.2616155450772024,LAVRPKSD
sp|O89343,sp|O89343 GLYCP_HENDH Glycoprotein G OS=Hendra virus (isolate Horse/Autralia/Hendra/1994) GN=G PE=1 SV=2,586,3.5081150437619533,SVIRPKLF
sp|O89342,sp|O89342 FUS_HENDH Fusion glycoprotein F0 OS=Hendra virus (isolate Horse/Autralia/Hendra/1994) GN=F PE=1 SV=2,54,2.9058970985187225,TKDIVIKM
sp|O89342,sp|O89342 FUS_HENDH Fusion glycoprotein F0 OS=Hendra virus (isolate Horse/Autralia/Hendra/1994) GN=F PE=1 SV=2,218,0.9243925577266916,LQDPVSNS
sp|O89342,sp|O89342 FUS_HENDH Fusion glycoprotein F0 OS=Hendra virus (isolate Horse/Autralia/Hendra/1994) GN=F PE=1 SV=2,505,0.860582818424442,LCIGLITF
sp|O89341,sp|O89341 MATRX_HENDH Matrix protein OS=Hendra virus (isolate Horse/Autralia/Hendra/1994) GN=M PE=3 SV=2,187,2.225226167992684,YMIPRTML
sp|O89341,sp|O89341 MATRX_HENDH Matrix protein OS=Hendra virus (isolate Horse/Autralia/Hendra/1994) GN=M PE=3 SV=2,294,0.6522556140699232,FQKNLCFS
sp|O89339,sp|O89339 NCAP_HENDH Nucleoprotein OS=Hendra virus (isolate Horse/Autralia/Hendra/1994) GN=N PE=3 SV=1,72,1.1558879247222045,AAFTLISM
sp|O89339,sp|O89339 NCAP_HENDH Nucleoprotein OS=Hendra virus (isolate Horse/Autralia/Hendra/1994) GN=N PE=3 SV=1,228,1.785570530289652,RKFMVEIL
sp|P0C1C6,sp|P0C1C6 W_HENDH Protein W OS=Hendra virus (isolate Horse/Autralia/Hendra/1994) GN=P/V/C PE=3 SV=1,289,3.4367570251907056,HPFPLGKF
sp|P0C1C6,sp|P0C1C6 W_HENDH Protein W OS=Hendra virus (isolate Horse/Autralia/Hendra/1994) GN=P/V/C PE=3 SV=1,430,0.8681208591292635,FADYPPTK
