Amino Acid,P1,P2,P3,P4,P5,P6,P7,P8,P9,P10,P11
A,9.324758842,1.92926045,12.86173633,3.536977492,8.038585209,7.717041801,9.324758842,7.395498392,4.180064309,8.038585209,8.681672026
C,0,0.964630225,0.321543408,0.321543408,0.321543408,0.643086817,0,0.321543408,1.607717042,0.643086817,3.215434084
D,0.964630225,2.250803859,11.89710611,24.75884244,8.038585209,6.109324759,5.78778135,6.109324759,0.964630225,1.92926045,2.893890675
E,1.92926045,1.92926045,3.8585209,21.22186495,13.82636656,8.681672026,9.324758842,5.466237942,3.8585209,8.038585209,3.536977492
F,10.61093248,2.572347267,8.681672026,1.607717042,1.607717042,1.607717042,1.92926045,3.536977492,6.430868167,5.466237942,5.78778135
G,11.89710611,1.92926045,2.250803859,5.78778135,5.78778135,8.360128617,8.038585209,5.466237942,2.893890675,9.003215434,0.964630225
H,1.92926045,0.321543408,1.607717042,1.607717042,2.893890675,2.250803859,6.430868167,3.215434084,6.109324759,1.286173633,0.964630225
I,7.073954984,1.92926045,6.430868167,1.92926045,7.073954984,9.003215434,5.466237942,8.360128617,9.324758842,1.607717042,6.109324759
K,7.717041801,0.321543408,0.964630225,1.92926045,4.501607717,7.717041801,12.86173633,8.681672026,6.109324759,10.61093248,2.250803859
L,6.752411576,36.65594855,18.64951768,2.893890675,10.61093248,7.073954984,5.144694534,16.07717042,17.36334405,7.073954984,20.57877814
M,2.250803859,21.86495177,4.180064309,1.607717042,1.92926045,1.286173633,0.964630225,1.607717042,9.003215434,2.250803859,8.360128617
N,1.607717042,0.643086817,2.893890675,7.717041801,3.215434084,4.823151125,2.572347267,3.536977492,3.8585209,2.893890675,0.964630225
P,1.92926045,2.250803859,1.607717042,7.073954984,8.038585209,8.360128617,6.430868167,4.501607717,3.215434084,1.286173633,0.964630225
Q,2.250803859,6.752411576,3.215434084,3.8585209,4.180064309,2.572347267,4.823151125,2.572347267,5.144694534,7.717041801,1.286173633
R,3.536977492,0.321543408,0,0.964630225,3.215434084,3.8585209,3.536977492,6.109324759,1.92926045,4.501607717,0.643086817
S,9.003215434,2.572347267,3.8585209,8.038585209,7.717041801,7.395498392,6.430868167,5.144694534,1.607717042,7.395498392,1.286173633
T,3.8585209,4.501607717,1.607717042,2.572347267,4.501607717,4.501607717,3.215434084,3.8585209,2.893890675,8.360128617,5.144694534
V,9.646302251,4.501607717,3.215434084,1.92926045,3.215434084,6.430868167,5.466237942,5.144694534,8.038585209,6.430868167,26.04501608
W,0,1.92926045,5.466237942,0.321543408,0.964630225,0,0,0.321543408,1.92926045,0,0
Y,7.717041801,3.8585209,6.430868167,0.321543408,0.321543408,1.607717042,2.250803859,2.572347267,3.536977492,5.466237942,0.321543408